{
    "loss": 0.17830869555473328,
    "accuracy": 0.9313725233078003
}