{
    "loss": 76.51380157470703,
    "accuracy": 0.4313725531101227
}