{
    "loss": 0.2970719337463379,
    "accuracy": 0.8823529481887817
}