{
    "loss": 31.086952209472656,
    "accuracy": 0.5686274766921997
}