{
    "loss": 17.197086334228516,
    "accuracy": 0.5686274766921997
}