{
    "loss": 0.8015806674957275,
    "accuracy": 0.7647058963775635
}