{
    "loss": 4.154040813446045,
    "accuracy": 0.4313725531101227
}