{
    "loss": 7.312763214111328,
    "accuracy": 0.5686274766921997
}