{
    "loss": 7.189328193664551,
    "accuracy": 0.5686274766921997
}