{
    "loss": 26.80713653564453,
    "accuracy": 0.5686274766921997
}