{
    "loss": 5.751728057861328,
    "accuracy": 0.4313725531101227
}