{
    "loss": 11.76440715789795,
    "accuracy": 0.5686274766921997
}