{
    "loss": 36.86456298828125,
    "accuracy": 0.4313725531101227
}