{
    "loss": 26.588502883911133,
    "accuracy": 0.5686274766921997
}